seg_id,time_to_failure
seg_3fc7ca,10.231827
seg_b687fc,3.6057034
seg_0e9bb3,6.593137
seg_5b392b,2.9293513
seg_e53a52,5.0694113
seg_b8745c,10.721456
seg_f1b916,2.6907487
seg_620ee4,5.3225827
seg_d9ce67,2.6800628
seg_d89369,2.6719017
seg_9f57c4,8.84944
seg_63c518,2.3743093
seg_9485c0,3.7127314
seg_8b39c4,8.975707
seg_7bb771,5.309284
seg_8c0114,3.5203145
seg_8dfd7a,2.2572076
seg_5165a4,8.488312
seg_ada81a,11.054101
seg_a4208a,5.0063205
seg_c01a57,2.3906903
seg_bce23c,7.9280252
seg_31d810,8.565435
seg_d36342,9.387283
seg_6d01a3,9.591823
seg_95b321,3.590653
seg_bc437b,10.1152935
seg_53e645,7.0642157
seg_210388,6.1838093
seg_a41c2c,8.06303
seg_2d5544,4.696939
seg_5ed47e,10.687398
seg_7c88d1,3.0190089
seg_d9b162,8.253936
seg_4fce5b,2.9877858
seg_1c904f,3.707244
seg_1a0eca,6.799098
seg_0125d9,6.1323705
seg_f734c8,10.169382
seg_46dd7c,2.5987082
seg_ea9d37,4.9226356
seg_ffe7cc,10.533015
seg_22e509,3.0953448
seg_0c12cc,9.040056
seg_468bc9,10.995049
seg_cf1371,2.6675153
seg_d60d18,5.197367
seg_032822,4.0947323
seg_bb180c,4.72347
seg_9d3013,9.115965
seg_1f9aed,6.61713
seg_77f9e3,2.771246
seg_f6659e,3.1636014
seg_878d2c,10.747183
seg_f7050a,4.311648
seg_a05c22,2.5695226
seg_3d9aa0,6.3143506
seg_661629,3.8187437
seg_996c37,10.740041
seg_3b30fd,10.195464
seg_dc4698,4.7559896
seg_c9f80a,4.680846
seg_49b0cb,10.962297
seg_6b536d,5.878154
seg_830cff,5.570234
seg_158691,4.8076105
seg_2f86cd,0.47518906
seg_29c772,6.3244333
seg_c11828,2.0637596
seg_398a25,5.956493
seg_ddd206,8.040276
seg_86cfe9,9.832966
seg_a7e49b,7.5540924
seg_fd6340,4.8225613
seg_f455bc,10.723378
seg_2018c8,10.930016
seg_1e572b,9.601977
seg_0445d7,6.625388
seg_8a41bf,3.74645
seg_a86a05,8.3355465
seg_cc4950,2.901
seg_974049,4.596973
seg_650de2,3.2355187
seg_2597af,3.1672778
seg_80211c,10.370356
seg_96db5e,5.615661
seg_9d6ff0,4.0477667
seg_bd00c4,6.574406
seg_0144cb,5.5893054
seg_1d980f,3.1004376
seg_c23641,4.8735743
seg_4db886,10.079229
seg_3761d0,2.7260597
seg_2383c2,7.0445485
seg_6e12ee,2.9255533
seg_b8b72f,4.7428775
seg_b91011,6.746044
seg_8d6578,3.9940786
seg_1b78af,5.2570033
seg_dd4594,4.7675233
seg_1e61d6,1.6820626
seg_91fc29,4.424116
seg_f2f5a3,3.2908947
seg_fc8fd6,2.774154
seg_03d680,9.892566
seg_89791c,4.185144
seg_a39fa8,10.673858
seg_016cdb,3.7350965
seg_07c815,3.17098
seg_a96b47,3.4692888
seg_5559d9,2.477089
seg_478327,6.74082
seg_72858d,3.4883564
seg_ff4236,5.418216
seg_263fb3,1.8482525
seg_14f5f0,9.509234
seg_7cb417,4.456041
seg_0b07c7,6.7054267
seg_fb9b2e,9.514081
seg_288001,3.9403503
seg_c11a4f,3.038867
seg_af2472,2.4166243
seg_740837,3.1252835
seg_2b6d52,10.026658
seg_77e7bf,3.571448
seg_257b8a,7.902954
seg_578e84,10.796765
seg_9f042e,7.9882307
seg_90e904,2.2177796
seg_a03e6a,3.2075872
seg_17799c,9.017653
seg_204dc6,3.7015634
seg_d63175,7.529507
seg_1144bc,10.864891
seg_f60872,7.7296715
seg_a1b3cc,4.7085114
seg_91cff2,2.603035
seg_45e4ed,3.5096576
seg_73b0f7,8.200485
seg_24ba8d,4.7817802
seg_dbbb44,6.199162
seg_9a1c76,4.6788116
seg_7848f8,0.8395675
seg_f5a6ab,8.5141735
seg_bf58ce,8.534424
seg_2a6343,8.539384
seg_0012b5,5.7371736
seg_423ebe,5.174933
seg_0ba585,3.505484
seg_c6f0a2,4.1240177
seg_7e3b3e,3.4609835
seg_c94941,0.595765
seg_331f2b,10.687513
seg_fde767,7.2960505
seg_69dbad,7.690647
seg_3a80c5,7.458301
seg_8ae847,6.1844764
seg_67330f,5.5933704
seg_593c34,3.8705165
seg_cc7e39,9.2899475
seg_8c1e7d,2.6871488
seg_e0c329,3.8875926
seg_b02e31,10.496473
seg_85e9c6,9.388324
seg_8be2da,7.262402
seg_655cae,3.4197085
seg_629822,4.3607063
seg_e85f55,2.25171
seg_12ee6e,4.6681767
seg_702e03,2.6586945
seg_9d68cf,2.8557186
seg_af1650,2.5498478
seg_4e0c4a,10.688752
seg_57908c,3.6977935
seg_f48363,3.8889112
seg_e8a4f4,5.4106297
seg_a5dea6,10.866524
seg_2f8e19,8.82808
seg_59e1db,8.368741
seg_3e00cd,10.569497
seg_bb92b1,7.6473236
seg_63c983,2.3814049
seg_2db7dc,5.646054
seg_70e891,5.6124945
seg_eccb17,2.3435266
seg_6edcb8,6.542126
seg_dd8805,8.001014
seg_7b2994,3.99724
seg_ae42b3,11.285129
seg_3b2013,2.272698
seg_d44589,5.211198
seg_3aca44,1.8145297
seg_f579ba,3.3010228
seg_d78e7d,1.7138834
seg_b44c2e,9.232014
seg_f5e682,2.2780242
seg_259c63,5.121962
seg_e3cf1a,5.6927347
seg_eacccf,4.7331357
seg_d5dbc1,2.8132052
seg_d2a533,6.255628
seg_a35c82,9.0857525
seg_061a33,8.429768
seg_0e4833,11.150603
seg_20d9de,10.664051
seg_26a2a0,1.0576866
seg_abaad2,9.803417
seg_00be11,2.9169123
seg_63d651,4.4333873
seg_a1d8da,8.07079
seg_94ecad,10.609755
seg_7cef95,8.612604
seg_69a230,4.386017
seg_148698,8.810831
seg_a45455,5.007975
seg_9fe8b9,7.6555357
seg_e14149,6.980798
seg_eb7f91,6.843088
seg_4ad5a2,8.386045
seg_5ad847,4.7739644
seg_ba941e,9.732166
seg_3b95d2,11.216366
seg_ea4d3a,8.931186
seg_bdf84b,6.058076
seg_93211c,8.612218
seg_f9e4f2,10.7023325
seg_3d6aac,8.80531
seg_a87e79,2.8941925
seg_17e596,8.55224
seg_105cd9,2.0335712
seg_18fb65,1.6476948
seg_311b5e,3.5256927
seg_6f2222,3.7514799
seg_89f975,3.2729065
seg_b3d886,3.6183224
seg_a0a423,2.623412
seg_d7f53a,5.37281
seg_914a62,3.620134
seg_9b7ef8,11.262042
seg_0ba210,10.956581
seg_eb7595,5.401484
seg_16566c,6.9732704
seg_e29670,3.968666
seg_c7b424,10.268704
seg_e742dc,10.134991
seg_7d88e3,10.265013
seg_de4e1d,4.3268337
seg_4cb0d7,4.9162774
seg_a80123,3.745795
seg_0cca14,2.7697885
seg_217eed,3.073959
seg_bf2d1f,10.736369
seg_b51b7c,5.6012936
seg_c671f7,7.929431
seg_2abd33,6.234826
seg_2916e3,10.056628
seg_ced992,2.2857947
seg_f30b2f,7.766
seg_509d55,3.799447
seg_ae9761,10.918129
seg_fe5945,3.9758027
seg_3f3689,3.7369812
seg_31a51f,2.5603871
seg_703cea,8.935102
seg_dc188b,6.4572597
seg_ceab44,8.337551
seg_e3e762,9.729536
seg_e8b2b3,8.828041
seg_ab2a78,2.1760323
seg_99f677,5.974551
seg_1c401b,9.033791
seg_b5a447,8.36535
seg_d6b386,10.0337515
seg_607559,9.036231
seg_b41d3c,3.74985
seg_6ac67a,3.7090044
seg_545fda,9.899674
seg_7ef97b,2.6445398
seg_86720f,8.498149
seg_ba2c48,4.19068
seg_95644e,7.096024
seg_1e617a,2.8320572
seg_ab3f14,9.3647785
seg_7d2e57,8.656852
seg_55b566,2.641299
seg_2e917f,5.0047398
seg_8509db,6.704653
seg_d1a2b9,2.737535
seg_b853c1,9.607536
seg_68a484,10.374946
seg_efc5fb,10.20691
seg_e90c0d,6.420473
seg_f679c6,10.019279
seg_419531,10.089915
seg_bf4ec0,7.3109374
seg_e66697,7.0579176
seg_7df3dd,6.5282974
seg_c12d7d,10.956066
seg_a5f4dd,5.71159
seg_bbbc30,3.77105
seg_e5750a,10.794537
seg_ff7478,7.740629
seg_59cfdb,10.527556
seg_3cfb73,10.16281
seg_836ef0,2.9954472
seg_945bc8,3.3985524
seg_6a45a0,3.535288
seg_268249,8.015334
seg_c9831a,1.1069126
seg_c15d21,9.219943
seg_cd2b34,6.1729026
seg_1c4c5b,6.3456063
seg_d6ea73,3.8819857
seg_4729a7,4.5413976
seg_8d4965,7.144763
seg_da21ee,10.750286
seg_460436,10.13657
seg_8c6e34,2.7625322
seg_0b32f7,4.647175
seg_4c12b2,2.5732672
seg_57dd68,10.394755
seg_e1daa0,6.4707165
seg_0aa0fb,8.925549
seg_19b9dd,7.890089
seg_98f624,9.984751
seg_d21066,5.6463113
seg_2e9a47,8.453227
seg_a16a1b,3.314417
seg_7a9f2b,0.6090973
seg_f21a22,4.318695
seg_45b051,2.606942
seg_3b7175,4.359086
seg_80b9b4,7.8556404
seg_2bcbde,11.204065
seg_4ce234,7.5244055
seg_1dec9c,11.154856
seg_1e0b82,10.299935
seg_77c546,2.039002
seg_aa9b8e,8.466179
seg_aba501,2.9647503
seg_b9d8a0,8.174287
seg_718b53,2.641643
seg_b6bdaa,7.8670793
seg_762188,11.1653
seg_53a557,5.0722265
seg_b4cb44,10.566623
seg_ee8f87,4.258034
seg_fcca66,4.7267737
seg_f0181d,4.020763
seg_d247da,6.70707
seg_b9bdd7,4.859082
seg_89eed6,3.3916218
seg_c3507f,6.329557
seg_3cba49,8.371438
seg_45e7ad,3.6097293
seg_fb00b3,10.929355
seg_f11620,4.6761036
seg_1fc7ab,6.617029
seg_27de37,8.391406
seg_4d7c56,3.9553628
seg_2f8f6d,10.441427
seg_6c34c2,2.9740086
seg_27a282,5.5724745
seg_d37b05,8.034242
seg_0d833c,7.9496455
seg_2bf5be,10.182772
seg_d91492,8.324309
seg_98c0b6,2.8347836
seg_957ece,0.1817284
seg_72c307,8.629237
seg_df8385,4.253438
seg_74b264,3.2240582
seg_d0f262,6.4492764
seg_f9eea3,6.4137444
seg_6d6fad,4.103525
seg_566efe,10.98872
seg_6d4109,9.275812
seg_2a8351,2.8000681
seg_78d817,6.549083
seg_90ec68,10.850375
seg_c565bd,5.6511817
seg_4db997,3.7081642
seg_81c1a6,10.567047
seg_1db8e8,10.796083
seg_6de935,11.056389
seg_d07c62,3.8756938
seg_0c4e31,2.1568062
seg_32c904,10.535002
seg_9d57a1,9.103266
seg_b57e76,7.7548194
seg_304b87,4.4794807
seg_b89218,10.563843
seg_055127,7.155619
seg_d40bb2,10.948319
seg_6696d0,3.2909644
seg_86d847,10.560389
seg_6be48e,2.9972506
seg_6b9d02,4.30789
seg_92be9f,6.961468
seg_92310f,5.696163
seg_a5fbcc,4.6520677
seg_919c5c,3.9450376
seg_72f40a,8.707552
seg_8b798b,10.960075
seg_62331a,4.6090593
seg_b31961,4.4843783
seg_517425,2.6068656
seg_23f823,4.6567526
seg_0e7cc5,8.484676
seg_e5deec,2.735682
seg_266805,4.246072
seg_cf3825,2.4381292
seg_95357d,4.519229
seg_1084af,6.0257196
seg_4b4ffb,3.303861
seg_bff392,3.068371
seg_c17817,3.025112
seg_c666dd,5.6281943
seg_075f77,3.9500897
seg_572172,7.4571166
seg_33c30d,3.0753846
seg_376908,1.3639252
seg_75211e,6.9952974
seg_836aac,3.789587
seg_75654d,3.6891558
seg_b7b098,2.8104694
seg_153d6a,11.07994
seg_b3cf21,6.145543
seg_afd665,5.8347683
seg_8f4654,6.119254
seg_c42952,7.755136
seg_53bdf5,8.951034
seg_ef24bd,5.82174
seg_208ba5,2.9703705
seg_f741af,4.470133
seg_48a80c,2.8271253
seg_e7ced6,9.95117
seg_5e70a7,9.761247
seg_ce9f59,2.9599044
seg_1da819,3.0757458
seg_a1acb2,6.0410776
seg_24c1c9,4.860472
seg_54af0d,2.232159
seg_ddc800,10.197221
seg_753ba6,1.9336313
seg_226e60,9.717088
seg_e24496,9.545809
seg_e65e69,4.5586357
seg_d86eb6,3.3564095
seg_ad3a44,2.2575905
seg_5765b6,8.194735
seg_1f7cf8,4.0322747
seg_3fdae0,7.209933
seg_fcd32e,7.972454
seg_2b372b,4.4687614
seg_e81b50,4.963152
seg_2cdbe3,2.3609421
seg_ce00bb,6.0895844
seg_750d20,7.075975
seg_b87cf5,10.166035
seg_0b9ba3,10.3872595
seg_715ff6,9.551205
seg_32906d,2.1365688
seg_758ca4,3.4164522
seg_3506d6,3.7117827
seg_54490e,9.153168
seg_d3992e,10.705701
seg_d88da7,9.3394165
seg_00648a,3.514318
seg_5cfdc4,5.069486
seg_dcfb4b,10.900593
seg_f6f683,6.1306324
seg_13e25f,8.022431
seg_ff2f2d,6.8842463
seg_1e677e,4.808043
seg_7ddc30,10.48914
seg_f66db1,8.895151
seg_7fa6ec,1.3611966
seg_c186dc,4.4020452
seg_f88d4a,4.982774
seg_9bd388,7.7388296
seg_abda04,10.292068
seg_1f3ede,2.7717364
seg_f6828d,2.7033942
seg_f6b70c,8.855761
seg_1bd38e,9.096188
seg_cdf88e,2.1490052
seg_6a4ad1,9.515004
seg_0f8961,10.747756
seg_cec2f2,7.2451468
seg_597bd6,8.399479
seg_966f3d,2.943955
seg_1afa29,2.8704836
seg_518b1e,1.7826622
seg_f6d51b,2.795816
seg_b80358,10.121757
seg_e8ac98,1.816874
seg_29022f,4.9349437
seg_baa745,7.525992
seg_cd0691,3.3004382
seg_41aadc,6.0574393
seg_a9a820,3.5053713
seg_8a8375,8.408815
seg_c047b7,6.5704913
seg_5ef47e,7.715237
seg_eba22d,10.0963335
seg_be811d,2.3155391
seg_9a812d,4.721771
seg_441c6d,10.067732
seg_59eb97,6.125987
seg_93d864,6.2529573
seg_ecdca4,4.5099382
seg_c654e7,7.76562
seg_97e4a9,10.300045
seg_6de4fd,10.23457
seg_1abcaf,3.1552777
seg_34a8f7,10.767243
seg_18d1d0,3.3022778
seg_09dd59,8.430708
seg_11647f,3.7028096
seg_5759c9,6.9165034
seg_d3f6b0,5.100997
seg_c5fc87,5.187647
seg_14ad27,2.9392743
seg_14c054,9.950132
seg_517345,7.3395486
seg_98be13,6.6538157
seg_df0df7,9.89245
seg_ab001b,4.8151097
seg_8d6a7d,4.788094
seg_7c10c1,3.9927843
seg_9fc7c2,2.6344438
seg_ab70bd,8.126202
seg_6dd0fc,4.0313644
seg_6a116b,6.7109103
seg_e1468f,10.820658
seg_ed52ac,10.19662
seg_cacd58,6.0558577
seg_b253ee,2.4458039
seg_7c9433,6.178136
seg_3edf51,3.0704477
seg_946d71,10.971218
seg_51f6fd,7.229427
seg_8353f5,10.519814
seg_a6e801,2.3912482
seg_76e914,4.011109
seg_d26f7d,11.179295
seg_efd9ec,10.503067
seg_920132,9.912176
seg_166f70,11.1373
seg_45a8a9,4.5040693
seg_bcf6af,8.234798
seg_25cca7,9.94317
seg_137f8a,9.177337
seg_49d84b,7.9088507
seg_56ebc7,4.3192368
seg_23fe27,10.20678
seg_049957,11.028969
seg_0dcc40,7.734009
seg_e15cb9,7.5043316
seg_efb639,8.857153
seg_832a4d,3.619453
seg_708349,10.621794
seg_c243a6,0.52092004
seg_d90c5f,3.535288
seg_f19f8e,10.090355
seg_d2551a,11.146866
seg_1c849d,6.6984143
seg_05b66a,10.780082
seg_1b1ad8,5.5876017
seg_77ea14,4.7581387
seg_ffbd6a,2.3571877
seg_07f8df,3.7325075
seg_a68ffb,8.675423
seg_f99b64,7.442455
seg_46b84d,8.606828
seg_461b63,3.901339
seg_bb2d77,3.18865
seg_94d150,3.3026946
seg_e6e1df,3.1129622
seg_ac45ae,8.885755
seg_00c35b,9.704939
seg_02042f,2.503918
seg_2a0dc0,9.834992
seg_d56ae2,8.882436
seg_9a81a3,7.66833
seg_f0574b,4.1108136
seg_d27812,5.406663
seg_c2b8f7,3.936604
seg_524b39,6.851349
seg_5639b3,6.619229
seg_a5271e,3.2599568
seg_7efdd5,8.392959
seg_4d18f4,2.2616937
seg_b66b87,2.986048
seg_0d0250,2.864896
seg_6b2ce0,6.7559195
seg_421da1,9.716761
seg_725e84,3.238487
seg_f639ec,6.2557077
seg_ea78c0,6.916017
seg_de3237,9.992156
seg_ad949a,4.908478
seg_0c9aa8,10.472784
seg_b9361a,4.4904547
seg_a31d6e,8.674823
seg_986976,6.929369
seg_812962,4.528844
seg_079e34,3.73192
seg_cc096e,10.74632
seg_355d19,10.106339
seg_a8e71a,3.07491
seg_72b68c,10.786413
seg_0e1370,2.5015364
seg_63582a,11.302276
seg_6422d1,8.916212
seg_84a65d,10.604051
seg_01a8dc,4.8711653
seg_1db443,7.868232
seg_d47aba,3.3603137
seg_bdae02,10.885811
seg_85fb0a,3.321182
seg_c0ea9f,6.521916
seg_4dbbd1,9.014366
seg_a802fa,9.690339
seg_87f6c8,8.835415
seg_ec4645,5.379747
seg_392019,6.858114
seg_37608b,6.7259183
seg_ba98dc,2.4084337
seg_de98fa,2.703863
seg_ec73d5,4.500889
seg_bd5022,2.470637
seg_ef660a,9.780729
seg_2977cd,5.7892494
seg_fa9f00,5.076595
seg_739fb0,3.5911372
seg_50a667,2.621644
seg_004ee5,6.674614
seg_de3d5e,2.9401934
seg_1827c5,11.343213
seg_8be76c,1.1329182
seg_ed07b0,4.434669
seg_746d1d,4.130189
seg_4c65e6,10.367688
seg_6b0107,8.113349
seg_35a2d7,11.046454
seg_e4f203,6.5684223
seg_919a6a,1.2563837
seg_24458d,6.0133686
seg_7ce9cb,6.491303
seg_484901,2.9091852
seg_268956,3.6110668
seg_a88dde,9.489213
seg_3e87b4,1.5420822
seg_84b9d9,5.2082787
seg_6df48e,10.1855755
seg_e47d2b,4.9035106
seg_25e76d,3.782516
seg_cacd0a,7.40216
seg_ef9105,10.883565
seg_49336f,2.9871309
seg_670bde,1.8712122
seg_2099f4,6.668238
seg_cd352f,10.809245
seg_4d0041,9.18093
seg_53103b,3.1597595
seg_1b08a4,5.9273868
seg_57ea44,2.3671362
seg_9a6025,6.8333554
seg_5e635a,3.2554288
seg_827c07,3.5579143
seg_b21273,6.148772
seg_5b8c39,3.4806566
seg_b52710,4.141989
seg_62c582,3.9482908
seg_60dacd,11.018355
seg_705463,4.1428375
seg_35b753,5.6263075
seg_a420d4,4.846188
seg_c267a5,4.5065594
seg_90ef18,11.247537
seg_f056d8,5.403322
seg_279725,11.226158
seg_b50239,2.8485541
seg_47d374,4.434836
seg_04ee93,9.145452
seg_950048,6.8434863
seg_05f126,9.841875
seg_c41d1d,4.919669
seg_a8685e,8.679769
seg_b6c10d,7.708567
seg_ee1cfc,3.4226606
seg_9cb464,4.241136
seg_a674d2,9.5697565
seg_b58542,4.6201334
seg_d1a281,5.8575797
seg_f61b0e,6.7086644
seg_9c8162,7.2561297
seg_43383f,5.243822
seg_5a0479,7.1808023
seg_d36737,4.0071225
seg_d1abaa,11.167222
seg_c4af54,3.518262
seg_f30f0c,9.298804
seg_00184e,7.5376363
seg_9757ac,10.181047
seg_6dfab7,5.230698
seg_979a8f,2.7935662
seg_4ddddc,8.41555
seg_ca44a8,3.799247
seg_acd715,11.479658
seg_9e25e9,4.7696857
seg_fb4c26,4.6447554
seg_71b4e0,4.296107
seg_75c34b,4.887877
seg_b72413,9.697746
seg_bd6f5f,10.581461
seg_3f3983,7.540296
seg_e3dafa,11.159577
seg_0c247b,7.2799277
seg_9122aa,4.3335485
seg_211299,7.6383057
seg_d32f8a,5.8550653
seg_1c4e72,4.4167266
seg_0b48c4,3.4946635
seg_36e32d,10.749748
seg_53d818,3.3164535
seg_d2ad9a,2.073763
seg_90c258,11.221344
seg_3b4414,3.304161
seg_180481,6.7385454
seg_613702,4.929325
seg_64bcb9,10.57801
seg_130e17,3.68903
seg_7fac26,10.613073
seg_37669c,3.7846959
seg_5965d8,5.1131177
seg_68da94,4.183769
seg_1cd352,5.9885507
seg_9a7d1d,2.6994865
seg_97a161,6.7537293
seg_64be91,10.510104
seg_a9b957,6.6146355
seg_ebd77b,11.041615
seg_b4c040,2.7059226
seg_32ad0f,10.648502
seg_4f76a2,4.0622106
seg_268625,2.764416
seg_ff1a62,10.388119
seg_cf0e43,6.391078
seg_633651,6.490352
seg_83dc2e,11.1180105
seg_0b54ac,3.4296944
seg_63c13d,4.653136
seg_c6f533,3.2473407
seg_7f5b6f,10.684254
seg_80622d,9.402112
seg_521a88,9.65729
seg_25b38a,9.275865
seg_440106,10.639555
seg_5147e1,4.3354545
seg_e50f16,10.993986
seg_514543,4.7927046
seg_037461,3.1311307
seg_c0260d,7.080315
seg_abeca6,10.968983
seg_511d25,8.972794
seg_df8e0a,8.789738
seg_cf646e,6.8966403
seg_4ae37c,9.126981
seg_6d4fa6,4.7730513
seg_f24292,5.4952497
seg_e3ca24,8.831209
seg_c62a06,4.006359
seg_c18d5a,4.363237
seg_c52ae6,1.8809795
seg_bf1a72,5.212105
seg_63c8e4,11.343581
seg_b9365c,2.3582137
seg_2f5695,3.9999356
seg_a704ee,7.622104
seg_ab9654,10.990526
seg_d5f344,5.232577
seg_117278,5.5701942
seg_82ce27,4.461402
seg_be65f2,3.2010815
seg_3706be,9.279441
seg_d85e2e,6.699887
seg_3c3ddf,3.2481594
seg_397dc9,9.769782
seg_0879a8,9.773333
seg_18096a,7.415092
seg_fbe3c2,6.744618
seg_e3d751,0.6515878
seg_a5d37f,4.2389646
seg_d7967e,10.530603
seg_0c74cf,1.6405779
seg_e2c82c,4.0805144
seg_14d1d3,6.612302
seg_0d13a7,4.9797993
seg_61f504,3.1259255
seg_85e90e,9.915622
seg_d9190c,5.8354135
seg_65c4e1,9.020985
seg_cf9a49,5.9947352
seg_70be4d,10.743392
seg_c65135,3.092808
seg_2d92f0,10.681723
seg_2ba79a,2.5857391
seg_4ab7bf,11.010923
seg_29475f,4.350473
seg_b2b331,4.3401446
seg_2f1664,8.5241375
seg_f003ca,8.995553
seg_ecf81b,9.977911
seg_c5fc3b,10.233651
seg_1ac9e2,4.258851
seg_8e6a3f,8.986115
seg_259d65,3.1278665
seg_94d573,9.1380415
seg_112b81,7.3019223
seg_66820a,4.247683
seg_cff594,2.3988178
seg_7bec10,10.915783
seg_2f60db,10.173826
seg_5f46a5,10.301802
seg_b52add,10.899688
seg_8cd159,4.524428
seg_26cba3,3.0882835
seg_70b375,8.242603
seg_a14212,4.280543
seg_e9e65b,7.1532564
seg_d1045e,10.723541
seg_f57ca1,11.366488
seg_ed7dee,6.0011725
seg_136695,9.595781
seg_5495ca,1.9591905
seg_8866f0,2.5024505
seg_170a0c,10.640411
seg_ba83da,5.954605
seg_a1a511,1.6533308
seg_3c64fb,7.853154
seg_6eedcc,9.361297
seg_bf1294,2.3124754
seg_4eef28,9.696413
seg_98c544,3.5717242
seg_b78883,11.27817
seg_c26fb4,2.7051578
seg_13c2f0,3.8173501
seg_151368,9.406776
seg_f6c928,9.025617
seg_05f9d6,8.353356
seg_4f48b4,2.1007721
seg_5d45db,7.8953104
seg_ada42c,3.3468246
seg_d014a3,10.698245
seg_a3ab46,5.4553113
seg_60ab20,10.864771
seg_d9352b,7.5204906
seg_c747ad,11.088576
seg_a80f6f,7.3488083
seg_30ad2a,2.5662744
seg_0e3739,4.3250833
seg_218049,3.0032582
seg_63c9a3,7.014746
seg_4ae712,10.803577
seg_a93a88,9.757153
seg_b95010,3.5934691
seg_9dcae1,6.755792
seg_f2750c,7.01692
seg_9d452d,4.794204
seg_f02d32,7.773573
seg_66ed4d,2.0182543
seg_ad591c,8.773141
seg_8cdf83,4.1412706
seg_08b136,8.944823
seg_f931de,5.254836
seg_8d4435,5.0690813
seg_004f1f,4.81626
seg_6f650f,11.183981
seg_876904,8.583538
seg_9940e8,11.033126
seg_70a60e,5.9721675
seg_655ad6,9.352373
seg_1f1e60,10.24868
seg_49fdf0,9.957284
seg_bc2186,8.037934
seg_0339ca,6.5893683
seg_093a0a,8.952357
seg_75e93c,3.3431768
seg_ee4ae5,2.3426726
seg_3f2086,10.4786005
seg_007a37,3.6174576
seg_952faa,3.8965235
seg_81f798,2.6920314
seg_6e7f73,10.545703
seg_3c8545,3.445238
seg_74b3bd,7.62473
seg_82c138,7.2468505
seg_feb312,7.7697277
seg_492dc6,4.127833
seg_622e9d,2.9568074
seg_65ef95,4.2821064
seg_1010ad,9.179742
seg_24f338,2.4808443
seg_7eb108,11.276594
seg_85762d,7.9462276
seg_274a1a,5.9793477
seg_816b7a,2.4995291
seg_2e50fb,4.1826754
seg_31a6cd,3.735573
seg_eb692c,11.198303
seg_d11ca8,10.0444
seg_5c8ae5,5.8181944
seg_0df75c,11.289412
seg_3ae4d9,3.6760523
seg_d7ab50,5.0191154
seg_11860f,6.749971
seg_aed434,7.416642
seg_9e61da,2.6655428
seg_ba0485,10.305179
seg_40b3aa,1.4853643
seg_f6e89f,9.0515785
seg_adf94a,2.0216587
seg_b23489,4.9420996
seg_fa4df0,4.023786
seg_3d19fc,3.8599606
seg_643f86,9.991276
seg_d83890,4.335067
seg_a99799,3.6974106
seg_07cd72,6.8701515
seg_b1fea8,3.036573
seg_98a819,6.782257
seg_f11f77,5.140613
seg_ecaef0,8.1886635
seg_fe2aac,4.0710173
seg_ddbadc,10.693314
seg_f43ab6,0.94973636
seg_26049e,9.992236
seg_f2cb5e,3.5390089
seg_fb1f5c,10.568301
seg_330579,4.0807347
seg_15c9f9,3.0968387
seg_a55a17,3.743612
seg_f6f523,2.6808333
seg_a61e1c,4.947188
seg_738be6,3.1160598
seg_eb32bc,2.369384
seg_8bde47,10.255896
seg_86e874,2.2637758
seg_89885a,4.926435
seg_490d6e,7.132824
seg_5eb380,3.9754968
seg_78852d,5.4468985
seg_8472f3,11.090268
seg_4dfa03,2.794448
seg_6681ee,2.435866
seg_21faa9,11.170023
seg_46a42b,3.6005697
seg_6074f9,5.8773985
seg_d740b2,10.684946
seg_fdc1d4,5.3315973
seg_47fed6,8.4994335
seg_6f3d90,7.087812
seg_ab15ad,9.160031
seg_fa488e,2.585648
seg_cbfb19,7.630269
seg_2c6011,5.288149
seg_35c587,3.775759
seg_f22163,10.826678
seg_14c435,1.9084287
seg_db606c,6.965218
seg_8d135f,9.608716
seg_92af10,9.877947
seg_8ce632,3.6501033
seg_f97274,3.5390277
seg_0d6d68,5.4501367
seg_db4185,5.36352
seg_1a791c,6.1045437
seg_634180,3.4164
seg_739643,8.358193
seg_9f6315,4.2118797
seg_17067e,5.584578
seg_bfe0b6,11.215529
seg_63130f,11.2787285
seg_76106f,10.876165
seg_41f45e,9.101877
seg_82316b,3.3753839
seg_2f4f14,5.786712
seg_30207d,10.505918
seg_14c371,9.476525
seg_ca9e39,4.414735
seg_f165f6,2.7689188
seg_06bbc5,4.8756785
seg_31c0f4,11.174662
seg_827804,3.8248718
seg_a2d47d,5.6419806
seg_c365de,2.134564
seg_48feba,3.0879438
seg_42648c,4.0193267
seg_241266,2.9630818
seg_20cc25,1.2714094
seg_e52f8c,6.2318187
seg_4d0c45,8.528037
seg_94a133,5.231166
seg_bff05e,10.145516
seg_a63573,4.8802395
seg_4d8f0f,6.0255413
seg_d07ce8,10.922073
seg_d5d3a1,5.2855406
seg_c1fe9a,3.0681736
seg_56e3e7,11.293475
seg_922990,4.5082445
seg_ee2781,10.411517
seg_e7d3e7,9.288266
seg_20cbac,2.8237517
seg_bce305,5.725955
seg_f650cc,2.8385367
seg_514b85,10.866914
seg_d668c0,8.742845
seg_23bdf9,6.575602
seg_e2209b,4.7204533
seg_586c0f,3.8518841
seg_500108,5.0179634
seg_9626a4,2.4547684
seg_60277f,6.047584
seg_8244bf,4.932468
seg_d78093,3.4939167
seg_425462,3.632933
seg_455b16,4.380887
seg_dceeca,3.0592003
seg_0d663a,10.198762
seg_60b696,5.2766123
seg_369570,6.4088407
seg_55a0c3,5.9219513
seg_529be4,5.7766023
seg_7cbb45,6.031864
seg_3d1cb3,7.465037
seg_72aba8,5.9381957
seg_a173d8,4.048979
seg_6153ca,10.997164
seg_9d79d4,4.71837
seg_3c4106,4.7948127
seg_004314,1.1886672
seg_016913,2.5708463
seg_533613,10.303979
seg_774ad2,4.4055147
seg_3ec967,4.525288
seg_f5406b,5.0730753
seg_b735a5,8.774869
seg_d2db6b,5.5316577
seg_96dab2,10.223812
seg_41ab7e,9.003971
seg_8c6d4e,3.6059637
seg_d062a6,11.134061
seg_7c2c48,2.2378318
seg_cee7d0,10.452691
seg_4c4995,7.194907
seg_b5804a,2.5334625
seg_c3f672,9.893036
seg_2c5e9f,7.2278776
seg_bcc8f1,7.87006
seg_211486,10.482198
seg_30da11,2.4976792
seg_e5e238,2.180087
seg_ac5c61,10.732147
seg_b695b3,4.1261063
seg_9ee0aa,9.284266
seg_b88baa,8.756642
seg_5a947e,4.270909
seg_43c6f4,9.4997015
seg_a6eed3,2.5930114
seg_75a878,4.26165
seg_07fc6d,8.908402
seg_8456d3,4.6630564
seg_f865be,2.4787347
seg_afca81,3.061613
seg_2be983,11.131322
seg_c7a579,9.012185
seg_fde86d,8.659846
seg_dff078,6.580055
seg_3878d0,2.88679
seg_da80c4,9.775489
seg_a91c03,8.29064
seg_0a42ba,10.528628
seg_9ae1a1,11.067487
seg_e05de2,3.2476838
seg_6ed49a,9.103585
seg_05e0d7,5.870495
seg_7b5f90,7.918091
seg_c703be,8.334824
seg_e067ab,8.819204
seg_49322d,8.704911
seg_b0d251,7.39111
seg_68102c,11.051026
seg_30fd84,10.64082
seg_121cba,2.088969
seg_0b082e,10.4905615
seg_c42490,3.706516
seg_ff79d9,3.1824062
seg_9e3837,3.0351386
seg_0d540e,2.9775746
seg_673c60,3.2501578
seg_d41daa,9.602651
seg_eabb2c,10.71615
seg_3319b5,9.738741
seg_32fc4e,11.090613
seg_eb2e11,7.4621468
seg_dd699c,1.9562013
seg_caa919,6.4577107
seg_82303e,4.3819613
seg_5cde88,2.3296235
seg_c146a8,6.0804653
seg_529c99,4.294681
seg_9b7f93,5.2124825
seg_ebb79f,6.0457025
seg_f71db8,7.8255095
seg_4185b3,6.516865
seg_de225c,11.084358
seg_f83d28,5.4626193
seg_be0dfa,8.585427
seg_46c6d3,10.305457
seg_ba1d68,3.8573878
seg_73ab4a,2.5102417
seg_32f6df,5.9722953
seg_00cc91,3.1597311
seg_5c57a8,2.2916927
seg_d2f588,11.035098
seg_8fc754,9.104538
seg_d2cb02,6.8224535
seg_4280d9,10.672786
seg_b36650,4.812927
seg_18f853,4.5529494
seg_cedf3e,9.7726145
seg_d24095,10.138621
seg_76f3f2,9.389804
seg_3ba485,11.11513
seg_59de0b,1.3929884
seg_e40348,7.7348895
seg_115617,4.13428
seg_154361,9.464697
seg_4ea81c,3.1210287
seg_26edaa,10.50165
seg_06d7ba,4.3619094
seg_c901c0,2.8849368
seg_66e45a,6.240622
seg_1562cb,11.067673
seg_5a1adb,5.222147
seg_586726,3.5467498
seg_6968c8,4.6427345
seg_2b2cb3,8.014289
seg_53fa13,4.0524015
seg_2367fb,8.918665
seg_df45b0,8.442104
seg_311499,2.8514621
seg_91f664,4.570677
seg_7cd6b1,4.043245
seg_306756,10.027989
seg_724df9,0.5517117
seg_eb0b19,10.633429
seg_961ddf,3.2344513
seg_a489e1,7.3001385
seg_08f441,3.714902
seg_dcbe02,2.8139188
seg_92a5f1,7.5614758
seg_651808,3.9021368
seg_b00f05,8.867359
seg_5cd98b,2.8547337
seg_d356ab,4.053261
seg_81c432,4.1015778
seg_4f5931,10.52042
seg_7b3017,10.37527
seg_8f592b,10.749773
seg_84c7fb,7.2260017
seg_8324a4,8.689699
seg_abb06a,8.016301
seg_aae025,9.869252
seg_2642d0,5.0167513
seg_500c80,7.78608
seg_c70fde,7.9229093
seg_ea0091,4.833495
seg_2dcd3a,4.4362044
seg_cecd29,7.0519967
seg_0a1bd0,6.359825
seg_739679,3.2381606
seg_ca8389,4.00773
seg_c714d0,11.201033
seg_4743ab,9.88986
seg_20a990,4.5740614
seg_a2e2c8,3.8141847
seg_5ec0e3,9.823587
seg_04ae38,6.197508
seg_0cdcc8,2.645228
seg_507065,5.9464283
seg_8f3dfe,6.3343205
seg_0f565c,4.0797377
seg_010eab,7.8489513
seg_5090fa,8.340721
seg_71f571,4.3783336
seg_2005a7,5.613637
seg_075340,4.185964
seg_750244,7.42218
seg_da7c3b,9.862544
seg_660fef,7.5727496
seg_ba3e74,2.8699934
seg_17d1ff,3.4357767
seg_4a719c,6.593983
seg_7f9b3a,6.08799
seg_0a97c4,5.1697316
seg_114b79,5.851767
seg_55d50b,3.4082775
seg_b9ad7f,5.359418
seg_25c8dc,8.078121
seg_1ebe6b,3.1143181
seg_bd2b0c,5.082436
seg_f80e44,6.1618395
seg_d19980,9.44208
seg_b782c7,9.189492
seg_77df38,8.433654
seg_eee89d,3.4193456
seg_bb5e15,3.2182484
seg_a437cb,3.4182782
seg_5d92af,8.411901
seg_709b6a,10.03739
seg_aa508a,2.3556511
seg_bbf805,4.4931808
seg_530a02,10.885063
seg_ea098b,9.7724285
seg_fb74f0,8.145596
seg_389906,8.834074
seg_8a8220,8.06622
seg_d1eee8,10.702716
seg_90bf60,10.212388
seg_4e3bd7,2.22502
seg_6951e0,3.8962443
seg_9b44d2,11.11833
seg_e7ac12,4.69213
seg_3151ff,5.897167
seg_21eebb,4.4642787
seg_bcfad6,5.9485173
seg_295b1c,10.144001
seg_596ae3,7.3898525
seg_0eb333,2.0796692
seg_e80726,6.0491014
seg_d098df,9.538729
seg_b03de5,10.772566
seg_5887a8,10.072119
seg_0df469,2.818388
seg_9a9041,8.33864
seg_b20487,11.178967
seg_ee4479,3.5332706
seg_d62e9c,3.5004807
seg_ca407b,5.498496
seg_5bdb47,4.190915
seg_32f72d,6.0671844
seg_430e66,7.5994124
seg_c5dee4,0.75572634
seg_dcd9df,2.463235
seg_a9089b,2.1063414
seg_64daae,2.6429229
seg_fc407c,5.5857716
seg_335170,2.9596386
seg_cc7a19,3.1961465
seg_3bfcf6,6.0707927
seg_0bc877,3.8397276
seg_2b4959,5.5082035
seg_ca2d1b,5.3014784
seg_a55540,10.748018
seg_7c0376,2.171873
seg_555f63,2.792091
seg_d9a2bb,4.9207454
seg_be4612,10.200097
seg_4e2c66,1.9908528
seg_168d1c,8.951753
seg_7d994f,3.1977375
seg_fbddb9,10.4277
seg_7949da,1.7154613
seg_3a22ac,5.1363297
seg_e64dfa,6.574896
seg_3a1600,4.5390954
seg_5254ce,10.313075
seg_c7a401,4.6227665
seg_0c8502,10.738993
seg_b7eeb6,7.2110343
seg_bc1d67,8.443085
seg_476bdb,3.3396223
seg_8f3247,9.079132
seg_176542,8.295287
seg_45e062,11.489242
seg_743775,8.151345
seg_b26368,4.611815
seg_2313d1,4.398052
seg_91607c,4.7753696
seg_b25dde,1.5671885
seg_a56c04,5.9025955
seg_eb47a9,1.9489714
seg_e54932,9.236671
seg_a1e5b0,9.333373
seg_696621,4.8481393
seg_7c2beb,9.275949
seg_fa0ac7,6.905387
seg_229eda,7.8277445
seg_45838b,6.911086
seg_c87c24,5.6116734
seg_0e3ed2,2.322644
seg_9f12c6,5.3474813
seg_f3063a,7.5041337
seg_05a4ad,8.464302
seg_9d1dbe,10.646105
seg_58ea74,10.159141
seg_20e9ad,3.964974
seg_222c5f,3.564833
seg_fe86f5,6.097642
seg_09f0ff,3.3546066
seg_ec973c,11.107867
seg_f21bf4,6.5481567
seg_bb171f,9.009137
seg_3452b2,4.3098893
seg_d4c763,7.3339925
seg_d6b198,5.695069
seg_934087,3.737279
seg_6ab188,7.9726167
seg_83f476,5.6146383
seg_c07b7c,6.2282376
seg_cf5764,8.829274
seg_d1fbb8,10.497643
seg_9a43ef,9.895645
seg_ad759c,2.6508973
seg_ef644a,7.135186
seg_2e88dd,8.246127
seg_1d596d,3.9072254
seg_7a09ec,6.6641927
seg_e9272e,3.6555686
seg_3db0a8,4.071183
seg_970b35,4.714033
seg_adf986,7.242932
seg_5e668a,10.303342
seg_e20d76,5.272423
seg_939f5c,8.287152
seg_c44bbc,3.7924902
seg_8658b3,9.123125
seg_8fb0d0,6.9106894
seg_643d1f,6.477575
seg_a11dd5,3.2644558
seg_1fe311,10.651331
seg_83f89e,9.339445
seg_92092a,6.1505337
seg_31064b,2.7809384
seg_e0ce38,9.384675
seg_85c1c0,4.0688043
seg_827a21,4.7546196
seg_2eddf6,9.862302
seg_136285,6.16541
seg_7120ac,6.127679
seg_95f45e,9.550418
seg_5a242e,8.1150465
seg_8515fd,5.5335717
seg_0775a7,2.3222103
seg_83f928,10.675358
seg_34abd2,2.3427474
seg_ead30e,4.612219
seg_e5b510,3.659956
seg_2e71dd,2.859249
seg_4587bb,8.829999
seg_9a8a1f,2.487536
seg_f46cc1,3.0557318
seg_aa78e0,8.031585
seg_e92526,4.313517
seg_aee9bf,4.912108
seg_58e74b,2.9022436
seg_bd4d30,6.1432962
seg_fdff11,1.7433496
seg_74ce61,10.001363
seg_8ab3a7,2.4511583
seg_5c0929,3.4307272
seg_f34877,8.735412
seg_75cd6a,3.704106
seg_3788c5,10.720242
seg_00030f,4.647784
seg_d32f71,4.7480125
seg_a8bb2f,4.705685
seg_0968f1,8.464859
seg_9872f9,5.3066945
seg_5a67b5,9.479421
seg_5b7325,4.5579934
seg_3bd97e,10.389607
seg_eca2eb,5.601503
seg_c24946,4.7049913
seg_9aa6e2,3.0346158
seg_c09a41,4.852702
seg_39ad50,0.52580786
seg_ef47c4,9.994037
seg_377134,5.1015725
seg_4b0839,2.5143206
seg_cd9f9b,8.455295
seg_29e799,6.91735
seg_dcf242,7.461737
seg_d8014d,6.1879563
seg_890181,8.011952
seg_d7a805,8.860835
seg_dad4f2,8.342523
seg_003339,10.542854
seg_813aab,2.779106
seg_b42170,3.0772116
seg_04a696,9.342511
seg_d1b91e,8.320152
seg_51f0a2,4.850482
seg_4a2525,10.26442
seg_2ee95c,10.869159
seg_17adc0,5.6648335
seg_bb6904,2.8753266
seg_db6d5f,7.864111
seg_10c09d,9.781511
seg_6fc3ef,9.7435665
seg_496dad,2.538214
seg_d27193,4.429978
seg_a5934a,10.549048
seg_cbcce9,6.9341106
seg_74537f,7.2104044
seg_1c929e,4.9684124
seg_dd0b11,3.5772884
seg_2c3203,3.2169027
seg_fc57d4,2.3071196
seg_d0c8e2,4.5828547
seg_fbff25,2.7833579
seg_74f330,2.7607932
seg_342ce6,10.167318
seg_df99d4,4.0246944
seg_eebbc2,5.876015
seg_a4ad7c,10.9285345
seg_b63de1,1.8074133
seg_cd699e,3.7950144
seg_1a8f0d,4.6280994
seg_420bcc,6.5609994
seg_cc2c46,5.78602
seg_5c530f,4.703461
seg_b51380,10.684779
seg_c73df6,4.6123333
seg_065588,4.403917
seg_75ffc9,7.3114343
seg_b7a8a1,7.0372977
seg_ce5832,3.4580543
seg_151d92,4.5171504
seg_1baf33,3.4196732
seg_2fe382,5.1154237
seg_5c1a4d,3.7474055
seg_e30e44,2.3688657
seg_2ed79b,5.4294715
seg_a436bc,9.869539
seg_9ddc99,7.0159287
seg_0a0fbb,11.015323
seg_57b6c0,5.9423594
seg_7a5243,5.3682914
seg_d30a9d,2.456769
seg_610379,4.5540657
seg_161aeb,9.195494
seg_421a96,6.865855
seg_373ba6,4.1025996
seg_2e64af,4.538494
seg_59cd7d,3.531498
seg_84fc12,10.635196
seg_461ab5,3.0831988
seg_c627fc,9.055645
seg_967ae4,9.279266
seg_4435bd,3.4130397
seg_31d7bf,2.4946885
seg_a39ebc,2.833644
seg_4acc4b,3.0694256
seg_e71dda,6.2689056
seg_dc5e63,3.5994704
seg_b8fd73,11.257005
seg_23323e,3.0971463
seg_cd43b4,10.057869
seg_6262c4,8.292923
seg_a2986f,8.183432
seg_2774c4,10.973376
seg_5e020f,5.590876
seg_d6b546,8.66898
seg_339f80,7.0327864
seg_2eccb9,3.5305266
seg_907c52,6.5939326
seg_b284b2,3.2892842
seg_97ad82,9.374628
seg_3cbccf,3.525576
seg_683ddf,4.3058352
seg_f6c0cb,3.3564928
seg_e76e6e,3.9954
seg_cfed24,2.7460575
seg_36b77f,10.581193
seg_a009e6,7.466143
seg_35b009,2.9407105
seg_a6959c,9.649538
seg_7d2535,3.5661795
seg_4c067a,4.703086
seg_4c3a2b,9.577493
seg_83bef8,5.4801373
seg_96cd5d,3.0938385
seg_8785e2,6.5874443
seg_af6204,6.265667
seg_e59dca,9.32886
seg_bc07c8,1.5812424
seg_3e55d5,3.052359
seg_a00985,6.3887634
seg_2c69e4,9.889851
seg_c27591,3.0156476
seg_03f380,2.1776454
seg_0d762e,7.728536
seg_72859b,4.417816
seg_f8db0a,3.1605794
seg_42c4c9,4.4373107
seg_06893f,3.393001
seg_99f76c,5.2512136
seg_82456a,2.842319
seg_ad3cf0,4.184278
seg_272a47,1.0136636
seg_fedbd1,9.741664
seg_42e7e8,5.3289576
seg_da8b88,5.788125
seg_c23429,4.2789426
seg_bfdd14,1.154219
seg_324537,5.096319
seg_293dbf,3.747092
seg_f0ce4a,3.2869713
seg_a2c108,10.737891
seg_9d7490,5.8419847
seg_857304,3.6550708
seg_78fc4b,8.490847
seg_f2ae5e,6.0592484
seg_ae3388,8.32217
seg_9ad261,6.822508
seg_aa7a4b,8.244796
seg_08fd5b,6.3184714
seg_316f86,5.721135
seg_f6cfd4,9.399743
seg_10f3a6,2.6098592
seg_2d7cc4,3.418027
seg_f4d644,2.8777945
seg_946d9a,5.533936
seg_c22bd4,10.539612
seg_b13220,2.0318887
seg_4a91a9,2.6140885
seg_635770,9.071539
seg_9caf50,9.901991
seg_32f3a9,6.2004395
seg_65b962,4.413126
seg_903aba,10.465116
seg_4d0008,4.570985
seg_05bef4,3.4942827
seg_361f5a,11.065621
seg_848695,3.339083
seg_bf1430,7.145864
seg_e48c23,8.915286
seg_aeeb31,2.088499
seg_a4e745,9.509381
seg_e86f77,2.0409887
seg_814b1f,2.2678564
seg_59818b,7.7285585
seg_046c28,3.719157
seg_a49ccc,4.756655
seg_5445bc,4.1067166
seg_b2e045,4.7893715
seg_3adb1a,5.320921
seg_658bf4,2.338003
seg_e6b236,8.241926
seg_419b2a,10.123445
seg_6d35cd,2.7024684
seg_4b4c91,9.398684
seg_27db4d,9.227784
seg_293dc2,2.934998
seg_9bab11,10.99913
seg_943de0,10.818451
seg_e3b1f1,8.202283
seg_c9481f,7.3766885
seg_e86ed1,11.054116
seg_8826f4,2.738894
seg_5255c0,9.079293
seg_d0c280,1.3461989
seg_edecaa,6.155008
seg_db3fbe,10.891224
seg_8c1760,9.539037
seg_5f0a92,5.7547073
seg_266d4e,6.4141803
seg_e2b8b1,10.830847
seg_7d17eb,10.195633
seg_72ebda,7.2026567
seg_f229bf,5.966764
seg_6dac5d,10.916947
seg_bee792,6.64046
seg_53caf1,8.933093
seg_f6bae8,5.8051896
seg_b402ac,7.461578
seg_a99161,3.3336208
seg_6f17de,1.590117
seg_f2a20d,3.9871988
seg_5597ed,4.5700603
seg_2f9581,3.2380686
seg_09ed4e,11.142102
seg_32e763,2.3903701
seg_b3883e,7.480317
seg_39a886,7.005454
seg_fd19b8,10.502099
seg_ca67ee,3.9961338
seg_a0979e,8.662391
seg_287e60,3.9011488
seg_414d0f,7.5621185
seg_b8141c,4.692114
seg_f0d278,2.3795867
seg_146926,10.731648
seg_a68007,3.5073721
seg_5924f5,4.7616563
seg_16a270,7.826073
seg_04fd93,7.511997
seg_8344ee,4.652373
seg_e98217,2.8607795
seg_90b174,1.7568411
seg_7630c5,11.134119
seg_f6abc5,10.391928
seg_f59974,10.014892
seg_902bc1,8.963502
seg_301c1e,8.437431
seg_dc73b8,2.299565
seg_759fb1,6.858578
seg_d9d0e4,5.4340343
seg_447cb3,11.03025
seg_abc5fd,8.19755
seg_dcb51d,3.6411028
seg_6b9511,8.854331
seg_d962cc,11.279074
seg_318135,1.9676585
seg_20b8d0,6.4877534
seg_0870ab,5.070231
seg_d68930,10.690619
seg_326eb7,4.9230824
seg_0f74a3,7.8544745
seg_71348a,1.3134996
seg_67599b,7.387209
seg_2aa101,3.4342067
seg_f67ce2,2.3611403
seg_fd9ac1,4.7917175
seg_8200d2,2.3197882
seg_78db0a,10.171946
seg_ce472b,9.536516
seg_afa4a1,9.11222
seg_3d06cc,7.0431013
seg_76f1af,2.7939973
seg_c179f8,6.224863
seg_7a521c,4.0701995
seg_52636c,3.19999
seg_1815fe,10.21137
seg_d14524,5.83404
seg_5467c8,9.539568
seg_f3c578,3.7136638
seg_e34052,3.2114477
seg_76d16c,7.858216
seg_247262,6.842052
seg_13468a,5.248589
seg_a06228,7.659273
seg_cb0e21,10.574543
seg_beb650,8.6327095
seg_c106ca,4.219659
seg_679dd2,9.400829
seg_36147d,3.0780873
seg_138807,5.3648634
seg_75e669,1.9446521
seg_2883ec,9.6903105
seg_d398df,6.7001486
seg_6e98aa,4.258127
seg_117ff4,4.161376
seg_0d434c,10.818717
seg_786ff6,7.613823
seg_ba5e7e,3.681391
seg_2dccec,5.0163436
seg_e0f296,9.193325
seg_8e5704,9.669573
seg_004cd2,8.509497
seg_d1cb37,11.02026
seg_87e4e8,2.455487
seg_9a1a4f,5.988863
seg_b0bf65,2.3592231
seg_4abc29,3.166038
seg_d29a4b,5.45362
seg_51b68c,10.928977
seg_db694a,6.7925353
seg_01ecb0,3.0722082
seg_f618a8,9.15801
seg_38ad16,11.090789
seg_ff0f1b,3.3422031
seg_9825e0,7.5763946
seg_c183e4,4.7617297
seg_d9dab4,11.11072
seg_e8ad6b,5.384716
seg_3bb90a,3.2549653
seg_a543e5,9.237708
seg_e10d3b,9.768117
seg_4d5a4a,1.693609
seg_76f76d,6.4325476
seg_686edc,7.3635774
seg_74d8cc,5.8857474
seg_d661ce,2.869567
seg_9e7dff,3.5803118
seg_d753f8,2.164955
seg_d1a8b3,2.3975992
seg_812a50,6.9218116
seg_3340b9,5.7707496
seg_73565e,4.4928837
seg_37bf85,2.949128
seg_8a7201,3.7522643
seg_89d8a0,3.7923348
seg_2465ce,7.2498083
seg_c7a3bc,3.0151656
seg_a86231,5.3140054
seg_29acb7,3.8505504
seg_75dc3e,4.680271
seg_a0646a,1.80196
seg_961d02,3.3654237
seg_03d386,1.3489218
seg_94aa0a,7.629457
seg_12ac20,10.805177
seg_750c93,3.6526191
seg_bb6fcb,6.82875
seg_695380,2.6061628
seg_8fb828,10.387199
seg_8aeb99,10.326751
seg_ca6d70,2.476329
seg_5cfba9,9.697656
seg_0b3b94,6.0910196
seg_ef74dc,6.970854
seg_e24f69,5.7340436
seg_4eb127,2.4915478
seg_86892f,4.6940355
seg_730ebe,3.371152
seg_b80366,9.140941
seg_a8e6df,5.0586963
seg_691a72,7.3840523
seg_8a6b0e,4.1223993
seg_8dd3ba,5.04081
seg_753190,9.789972
seg_2396a2,3.7856297
seg_be0cdc,2.6800687
seg_8f5589,8.198891
seg_f96d5a,8.840628
seg_dab0f9,7.2175646
seg_122ba9,2.8646634
seg_762be4,6.0176983
seg_4ad674,4.8652062
seg_a6cd86,5.1186194
seg_591954,10.667952
seg_b89e47,2.4821506
seg_bf4bf2,1.5827457
seg_327ed4,1.9578426
seg_59058a,2.834565
seg_a6bf91,7.221346
seg_e8a2c4,6.317929
seg_6e5a38,1.8076752
seg_4e627b,4.660383
seg_0d04b9,4.8902884
seg_523945,3.087357
seg_eb1d6e,4.13045
seg_4ea3fa,6.5761223
seg_77bf79,3.4999547
seg_e40d64,9.400408
seg_c588c1,10.917722
seg_ecf28d,7.285528
seg_77dbe7,4.6651754
seg_d516e3,9.7300415
seg_634f05,3.5008037
seg_6cfb76,4.273857
seg_83ef67,10.095586
seg_3af649,4.655953
seg_e3005e,3.3849635
seg_ade769,7.9799466
seg_f6a217,3.8698735
seg_7f786b,4.8705106
seg_8fd465,2.1725025
seg_cea185,5.1658735
seg_dd780d,5.5209374
seg_2700bd,4.6122937
seg_2ece02,3.117102
seg_d6dad6,7.551384
seg_a88097,11.176768
seg_902074,9.046807
seg_96642e,4.1370597
seg_3865bc,3.939278
seg_7540f3,6.7377715
seg_78addc,9.930689
seg_75438e,7.0318375
seg_7aeca4,9.075448
seg_d39131,10.356125
seg_cc4199,10.344224
seg_7e9eb7,11.212495
seg_ac9de5,3.2829065
seg_616c8b,10.631231
seg_a47cce,9.306876
seg_cd2b53,1.8263048
seg_ed7f69,4.3340006
seg_7189ca,8.765561
seg_89e207,6.3638253
seg_74235f,6.3705873
seg_141f34,11.265849
seg_280e3b,5.103155
seg_f43730,7.8447437
seg_6167f0,6.9383054
seg_4a9e6b,8.654997
seg_8777bd,10.941227
seg_457234,10.874522
seg_d42c77,8.040306
seg_f6e1ca,2.6990912
seg_91bf8c,2.097455
seg_51865e,4.709372
seg_fb8af5,3.130339
seg_66b7c3,9.053582
seg_fea3e2,10.007492
seg_585872,9.554417
seg_263deb,2.9793324
seg_dc1cf0,10.4437065
seg_0a45a1,1.7900007
seg_5e1bba,6.265386
seg_337b8c,3.4505978
seg_3bc9ed,6.791565
seg_f48db9,4.62303
seg_c5c455,1.7382774
seg_2ea616,4.372092
seg_845a2a,10.815299
seg_31b808,7.5366826
seg_b08e9d,11.3467045
seg_55239a,3.1293945
seg_826208,6.6450377
seg_2d427f,2.1452258
seg_d35e50,6.912659
seg_9f7542,10.363783
seg_50b048,6.835806
seg_ba4ea3,10.799743
seg_93f935,3.8723092
seg_f8dd7e,5.8371253
seg_9c3ef8,8.094949
seg_b7da0a,2.8396301
seg_42ff14,9.225772
seg_5470ca,4.053442
seg_31ddc5,9.627835
seg_e7d1f8,3.5020375
seg_e8385f,10.993779
seg_bcf2d9,5.5739
seg_9c8bc8,4.4482813
seg_de8180,2.2812512
seg_f96d0e,4.5571795
seg_1eae76,5.9196033
seg_c20a27,5.745374
seg_03d63e,4.0379105
seg_0b76f5,10.605661
seg_88b289,10.922626
seg_b378bc,2.0630093
seg_fbce13,2.6984
seg_324447,7.527499
seg_4eeaef,3.630276
seg_259dd3,10.645965
seg_6e1ee7,9.424792
seg_6ac82a,4.232083
seg_ddddf0,3.468769
seg_1cb942,11.117656
seg_4fd191,2.3147333
seg_766e42,2.849343
seg_6f60b2,3.798416
seg_e60719,10.453196
seg_1b2298,9.210189
seg_35ba8f,10.304335
seg_b568c6,8.596684
seg_343571,9.497335
seg_c6f9c2,4.2424097
seg_659ff8,4.448612
seg_fbf17a,10.3073435
seg_563059,9.359638
seg_aaa2ae,3.7094033
seg_464839,6.657662
seg_b91ae2,3.4634407
seg_b947ae,4.608916
seg_a7b454,4.8601747
seg_4b8044,5.487545
seg_1d11e5,3.4660094
seg_739856,10.911146
seg_0c89ce,8.018942
seg_ea096b,10.886365
seg_fcb7d0,10.983171
seg_e13bd8,5.3378673
seg_71936f,4.238051
seg_f639cd,10.73208
seg_0dfe8c,5.4408994
seg_d4dec8,7.973301
seg_9e8ca4,9.489255
seg_1969c8,9.399294
seg_3f99c8,2.378037
seg_16c3a7,2.89941
seg_ae32a6,6.689521
seg_2e2372,8.381227
seg_c5325c,11.147167
seg_727fc7,4.2984147
seg_428d66,4.2590365
seg_e72f10,9.100827
seg_6ae32d,3.3552048
seg_2a2f1e,5.8548155
seg_79c47a,4.286206
seg_e877a5,6.1810994
seg_115a92,2.871914
seg_30501b,10.629009
seg_4d53c2,11.230709
seg_f1a771,2.6591446
seg_06d4a2,4.1103773
seg_f1f5b9,3.4496613
seg_92bd37,6.880027
seg_fad815,4.419208
seg_cc2e9b,3.8712378
seg_91f512,3.5623546
seg_e6e24e,8.038451
seg_db3446,8.8625345
seg_8dcf3c,9.991956
seg_f322b1,7.073584
seg_fb76ca,7.4491158
seg_ba9dbf,3.4429326
seg_7ebdc3,3.2427166
seg_073696,10.394138
seg_cc667b,5.316105
seg_d0598e,3.8612914
seg_e405fe,3.277147
seg_c21d60,5.878822
seg_804fb5,7.8788753
seg_c3836b,3.6933103
seg_bf7224,3.5094156
seg_c8459f,10.166129
seg_4743fa,11.367195
seg_c0d7da,2.9264758
seg_2f9336,6.8456874
seg_d328bb,3.5375004
seg_3d1f2e,6.004086
seg_04cceb,8.705396
seg_01c775,9.961346
seg_25aa9f,11.095868
seg_5e7abf,3.593306
seg_8328f5,5.3511553
seg_6c309f,3.564314
seg_3bf9ac,2.244722
seg_be30ce,6.559978
seg_5009d9,3.7387533
seg_27b7c8,8.88654
seg_58e9f9,10.450802
seg_c81fec,5.68528
seg_60df2a,7.5061994
seg_0dc38f,1.8138182
seg_61b50d,3.4421806
seg_0dae4b,4.238606
seg_287fef,3.7463481
seg_fdba93,4.088088
seg_2a4551,8.204574
seg_4b953a,2.5200217
seg_b0a794,3.0085897
seg_b853f8,6.8081355
seg_4a6096,2.198655
seg_e25aca,5.720792
seg_666056,3.2546122
seg_aee7c0,9.822849
seg_24157a,7.5663643
seg_552b8e,10.798482
seg_c5f986,3.3302279
seg_590fa5,7.3057604
seg_f0db55,1.7739305
seg_ca88e3,10.47382
seg_76b76f,11.1697855
seg_80fb86,5.964883
seg_7f93b2,4.320823
seg_2d402d,2.88814
seg_d71352,10.798492
seg_b47c19,6.2321577
seg_a6c5cc,3.7965493
seg_ea9fa4,10.851951
seg_0165c6,10.248693
seg_195eda,5.8619676
seg_27ff17,4.9672403
seg_266c6e,6.199571
seg_b35174,0.65704364
seg_b95a77,10.55579
seg_b291c0,4.656595
seg_397983,7.3146563
seg_a50d28,10.835387
seg_52c139,11.298249
seg_6fb17f,6.1319118
seg_a39f3b,8.018587
seg_9c00d7,10.756039
seg_b2b29d,8.964934
seg_e1a9e0,10.691247
seg_2fb672,9.996241
seg_238242,8.989416
seg_a247ac,10.728772
seg_04b87a,9.74568
seg_a133bc,4.5888157
seg_885f53,9.075526
seg_e4f403,4.20858
seg_8773cf,2.8648486
seg_c0e1b9,5.0936565
seg_1a0e94,10.672288
seg_9df32d,3.7799141
seg_81bebd,9.793509
seg_868c85,8.200428
seg_0981f3,3.0723362
seg_2a0afc,6.927362
seg_850d95,4.214082
seg_4c8db6,10.265469
seg_b36c8a,3.0377274
seg_c05a7d,10.542641
seg_017314,8.567145
seg_a58a6e,4.017985
seg_76c2fa,4.726658
seg_7fd6b7,10.398914
seg_2dcd84,9.254653
seg_23efb0,6.2811704
seg_e5fbc1,0.81293577
seg_655780,2.5678499
seg_c80857,0.5784664
seg_818382,6.381785
seg_53a5fd,6.65833
seg_c5256d,7.240344
seg_0bb5fd,5.507948
seg_f01368,7.2119117
seg_086a61,9.731156
seg_fd374e,5.941681
seg_54b0ee,8.981292
seg_aa0180,3.849792
seg_beda44,6.037399
seg_1a8f2c,10.163691
seg_f342a3,5.4652495
seg_006e4a,3.6034777
seg_161f5f,4.4562063
seg_e49750,6.846235
seg_cc4932,10.190564
seg_c20c06,1.570177
seg_e266f4,6.9752946
seg_652cc2,4.165771
seg_8fb29e,10.313934
seg_9f4fd4,10.157816
seg_9fd9b8,7.1689434
seg_2cac57,10.779216
seg_284923,11.377309
seg_063865,7.8150363
seg_1e0523,4.3145547
seg_4848e3,4.870895
seg_8f1127,1.7672749
seg_59d484,6.4542975
seg_c2a0c8,5.1986685
seg_64dcf0,7.071744
seg_0536c9,2.8791487
seg_30b043,5.1379623
seg_27f532,10.571726
seg_0fca83,2.740047
seg_d3d8fc,3.9819894
seg_854d91,10.311669
seg_ae3d92,4.8698235
seg_c607eb,1.1617557
seg_b77bf5,11.096774
seg_31631c,7.6263933
seg_f52cdc,10.652492
seg_546864,11.076892
seg_d36681,9.701003
seg_8dd2ab,2.9251308
seg_6da1ff,6.845856
seg_929ded,7.070983
seg_8d3a9d,7.8313007
seg_941759,8.457225
seg_19ec5c,11.284873
seg_7ed2dd,3.612858
seg_d5b100,3.7904146
seg_ce46ba,4.011849
seg_592807,9.138185
seg_65fbac,9.446341
seg_6c909f,2.7168927
seg_70991d,6.149647
seg_1d044c,5.283607
seg_a7561c,2.22367
seg_8c1cca,3.7974317
seg_1fa983,4.1519623
seg_29a073,5.17609
seg_23c947,1.2177702
seg_eefd4a,3.2017028
seg_5f352e,3.4332595
seg_7b0936,10.713015
seg_2c762c,7.5831184
seg_4c18e2,2.9130776
seg_c01f63,9.0916
seg_c46ce6,3.1007314
seg_c571ef,6.1337295
seg_8a3306,4.762053
seg_f4ad4b,4.1472816
seg_a53e4c,6.9709344
seg_755d50,3.4202814
seg_24e071,3.8139575
seg_bd629b,5.564214
seg_71b975,4.372283
seg_3b7724,10.965861
seg_4e9646,8.66867
seg_0fc67a,10.509731
seg_986b6e,10.791169
seg_f95fd3,8.936722
seg_19515c,6.2314744
seg_6eb146,10.565669
seg_1ae362,9.055004
seg_bbb01e,8.532905
seg_9c090f,2.1670434
seg_d795ab,8.528832
seg_6a05e7,4.3402524
seg_715e2c,8.542156
seg_0c1d3a,4.2705336
seg_496d07,4.443958
seg_c60dca,4.5449305
seg_e09301,3.1300244
seg_e1f045,6.7684684
seg_c522f8,8.28168
seg_304df5,9.77926
seg_18f633,2.66489
seg_69787a,8.795428
seg_29c906,4.7165327
seg_87a67a,5.837025
seg_0fd3ff,2.5148766
seg_7480f4,9.595614
seg_750e7e,9.180101
seg_32d747,5.2725124
seg_7012af,10.936247
seg_a2fd8b,4.2938824
seg_38ee24,7.0092573
seg_c90be5,10.766066
seg_6fc8b3,8.65915
seg_6e12ae,5.600205
seg_29d4c6,10.953123
seg_e30ef5,2.953539
seg_87232d,6.953861
seg_e00465,10.29025
seg_48b545,9.341456
seg_4f83a3,10.100152
seg_0c3943,4.584187
seg_c3f8d7,4.5678844
seg_983778,10.691615
seg_38001b,2.9623272
seg_6fd5bb,9.16862
seg_53498a,5.2376957
seg_56e6f1,5.7983127
seg_dcee28,6.4629188
seg_c6b514,4.211396
seg_d5df41,8.864061
seg_4ca6de,7.6405735
seg_af703b,11.115586
seg_6f9a98,7.9150987
seg_a9f80e,9.251639
seg_89b090,1.6232492
seg_264c7d,9.569812
seg_3d6e79,7.5700107
seg_9d2528,6.3484116
seg_853302,9.3937235
seg_bd40f2,10.193236
seg_b8725b,2.3901348
seg_3661de,10.935265
seg_1a671a,4.126188
seg_1f3d44,8.006695
seg_103b32,5.550973
seg_4d2671,7.358118
seg_83cb2c,2.594556
seg_d9bb68,7.4098864
seg_5f7fd9,5.918543
seg_e6c973,8.484601
seg_00a37e,2.7544546
seg_fd8add,7.7860975
seg_e5f9ec,9.376834
seg_77db7b,10.67425
seg_24c078,8.499228
seg_e1f081,10.0325
seg_d3f967,4.524469
seg_581fac,2.6450653
seg_af959f,9.928024
seg_06b8c9,5.981186
seg_c509ff,5.7404284
seg_b5aee9,6.1638427
seg_a7d0eb,4.6202397
seg_ae9626,2.3906112
seg_c9e533,9.375669
seg_d508db,6.1467276
seg_e197b8,5.6119795
seg_fa796b,4.9121275
seg_f7de40,10.392649
seg_cf25d2,4.1855607
seg_b6254c,3.1245422
seg_b9619c,6.8970003
seg_7c6c31,9.241957
seg_ab4bca,3.6592894
seg_5f355e,8.451007
seg_de9e32,10.918867
seg_a82229,9.122128
seg_0e8b79,11.353417
seg_35269b,11.0081625
seg_9a74d8,6.186954
seg_2dfb91,2.6898956
seg_c747b4,4.541177
seg_077b7e,6.192364
seg_0620e6,7.84076
seg_50e270,8.734181
seg_c47bdc,8.240085
seg_6c8a45,5.344528
seg_ed3e4c,8.520741
seg_184222,4.8146563
seg_dbc615,4.4556623
seg_456149,10.139737
seg_121446,9.326688
seg_73858d,11.005254
seg_b108c9,3.964851
seg_899bf0,5.4462943
seg_b686e5,2.2291632
seg_725772,9.206736
seg_48a4b3,9.202629
seg_922914,7.08826
seg_2d3828,6.4470606
seg_1f5240,3.8919375
seg_07f37c,3.1514704
seg_c0c0ed,6.241479
seg_eea20e,10.005358
seg_82d7b6,4.1553698
seg_d35274,3.0850022
seg_14c89d,5.7567267
seg_e9a09f,2.7948506
seg_158764,7.9607315
seg_ed7741,10.595205
seg_d320f5,5.4302816
seg_b1a35c,9.619622
seg_8da61a,8.710131
seg_9e8323,2.2469618
seg_40f810,4.8746176
seg_3631ec,3.8385506
seg_f2b0c5,2.728409
seg_c550b1,10.627921
seg_140bc5,3.450954
seg_931244,10.938069
seg_179d90,10.004676
seg_614b50,2.2606797
seg_570a20,5.267665
seg_c10a58,9.792124
seg_a12acb,3.3032625
seg_9802c3,5.495937
seg_8e7fca,5.567964
seg_98ebaa,10.469221
seg_d702b2,9.1858015
seg_5fe414,4.264791
seg_00f3b9,2.468736
seg_3065ba,4.914571
seg_f073e2,5.605709
seg_b13fb9,7.5824304
seg_77fe77,7.200188
seg_d146a6,2.6072152
seg_23b123,11.158968
seg_373a04,7.4822803
seg_9c3d6a,10.176732
seg_ce7537,3.3586538
seg_d21eb6,8.472623
seg_8bf229,8.550521
seg_fa6383,8.076581
seg_0488a1,9.413755
seg_3ce740,10.265087
seg_d4ea17,8.881177
seg_b8bb87,11.115879
seg_b54024,2.6241813
seg_74d58a,10.138834
seg_aa1adf,5.590553
seg_05a1b0,4.5254774
seg_18d307,1.7380371
seg_395e0e,10.616075
seg_8599ec,3.7230048
seg_cf74e8,2.8262854
seg_c472cf,9.30977
seg_8dfc7e,2.5193226
seg_a18246,8.649165
seg_d9750c,5.3267903
seg_79e301,2.3296163
seg_d31583,10.485218
seg_214492,2.2911556
seg_e6bd3f,3.285584
seg_071067,2.6367521
seg_90a0be,3.0976977
seg_b9de03,5.1822968
seg_7d718e,10.592539
seg_00e5f7,6.722997
seg_6d36a1,10.84463
seg_c21723,4.204388
seg_123dd4,10.351563
seg_97d9ed,9.774654
seg_44d3ca,4.4060864
seg_a8ddf7,2.271704
seg_f86c41,4.976948
seg_8f6284,3.2644918
seg_dca2c2,11.219735
seg_74fcfc,10.455752
seg_280863,2.0094388
seg_7020c5,8.70076
seg_e0cfd4,6.9777503
seg_1cf1b5,3.1849484
seg_3fb24b,5.78041
seg_5bd9ae,5.1488576
seg_afadfb,7.4184146
seg_355717,3.156255
seg_cdadb5,10.188938
seg_947700,5.2517185
seg_f69c38,5.036394
seg_e9aa44,10.360289
seg_ac68bb,3.006229
seg_71c9e9,3.4405663
seg_434c96,2.57132
seg_19b08e,4.3536353
seg_944c98,2.6859584
seg_170684,9.96822
seg_8bc20c,1.4832302
seg_1ef708,3.8100197
seg_1eeb8f,5.2537084
seg_6e572a,3.597923
seg_a975df,3.0116074
seg_f383fb,5.061665
seg_988e69,2.5518298
seg_383f2e,8.830706
seg_b32d1d,4.102416
seg_1a8e06,3.1207564
seg_3f5be6,4.1620293
seg_e8ce6a,3.3440177
seg_c35940,3.2606277
seg_64be5d,11.1352415
seg_8681aa,9.441017
seg_070bb0,2.766328
seg_0cb81b,4.3577676
seg_ccdc28,1.7318518
seg_9dea8d,8.118137
seg_9ad925,9.979726
seg_a31fe3,9.754498
seg_304581,4.5939302
seg_b1b95e,4.25769
seg_fbd66b,5.478952
seg_c58ca5,7.28971
seg_383b6b,4.3940225
seg_4ba3d1,9.683402
seg_f5a4ee,11.184912
seg_be62ef,8.258263
seg_407b2b,7.233843
seg_87a616,2.7820241
seg_b197e2,4.5659676
seg_62a403,10.796743
seg_225320,10.763667
seg_709d08,7.2288485
seg_d56d32,9.617908
seg_e41fc9,5.75286
seg_9e962b,8.211788
seg_741fc1,8.879049
seg_12b9ba,8.128958
seg_d0f803,4.3298407
seg_5311d1,1.0823383
seg_232559,10.028651
seg_411225,2.6328583
seg_29d497,7.5879035
seg_7bf143,2.9303443
seg_fdd50e,1.6360002
seg_dc7e0d,3.0594163
seg_64f8dc,5.8328614
seg_6b3a9d,4.367992
seg_19e1ff,7.10577
seg_e27c0a,2.9863358
seg_c81e10,9.057365
seg_b52dac,5.3097444
seg_9a7c46,6.581832
seg_2dc6ff,1.3761553
seg_c01d9a,10.751229
seg_91596c,9.307506
seg_e481c7,7.5727057
seg_482745,6.006013
seg_b64c9c,10.043879
seg_35ee83,3.774112
seg_8f4781,3.7393482
seg_4fa87d,9.817265
seg_3f80ef,5.7425995
seg_8baeab,5.045156
seg_2a0ace,10.895637
seg_2cadc0,7.814568
seg_9c2843,1.6958896
seg_f77ee5,10.910419
seg_ce72e2,3.7274213
seg_f5d2dd,10.306677
seg_a69246,11.21259
seg_34a2b8,6.1277184
seg_9ca72e,2.7903113
seg_c60f1d,3.4233446
seg_43597f,4.12043
seg_69a53e,7.6740847
seg_ef27c8,2.9780521
seg_091c9d,10.196198
seg_91eaeb,6.3213563
seg_c25855,10.686139
seg_8c341c,9.742822
seg_a35e7c,11.102311
seg_4adeda,10.681904
seg_aa98cc,1.287753
seg_94c48c,9.373719
seg_ec0e7b,8.26814
seg_3128e6,3.6248581
seg_35dd45,10.825052
seg_420d4e,8.7811575
seg_4401d8,8.021262
seg_6c292b,7.1393313
seg_df352f,3.807143
seg_807901,4.0313063
seg_96fa35,5.397166
seg_dbf3f2,3.3036144
seg_760d70,3.3865588
seg_0b4b24,2.7953117
seg_a25c46,3.7696257
seg_7fd3a3,2.9894743
seg_060ce4,4.0247693
seg_5e8ef4,8.426859
seg_e4c15a,5.735294
seg_74ffde,6.2333517
seg_8310ea,9.523876
seg_7a9228,2.648628
seg_660fe1,2.7531636
seg_bd31bf,7.119378
seg_71238c,10.743155
seg_a84c13,5.272727
seg_477c83,6.163091
seg_b6cb2b,3.4433887
seg_3b95dc,3.908772
seg_e8d02f,3.6770246
seg_ceb942,3.2540545
seg_fe73b1,10.321557
seg_2efd5c,9.831107
seg_447972,4.8206024
seg_db3a95,4.1496086
seg_d59e4e,5.231569
seg_41a267,11.051624
seg_65f01e,10.669022
seg_8e7194,5.857417
seg_5407b0,3.0120533
seg_39300d,3.7086532
seg_c08d36,5.7321467
seg_8cf573,6.4300385
seg_e37b8e,6.6089997
seg_0cf651,2.650165
seg_8bec6f,6.1053705
seg_bbfd4e,10.851214
seg_d7f015,6.6204667
seg_580b65,7.6995034
seg_aabc52,10.953745
seg_99ccbd,2.504845
seg_e6307f,9.502614
seg_7862ed,5.244155
seg_ba3c47,2.4612026
seg_e96140,5.113767
seg_5f24d3,9.762731
seg_c5c6ea,6.4142866
seg_5bc0b0,9.875141
seg_67aa76,6.2044673
seg_687a5c,2.217492
seg_289d99,2.3536005
seg_88a81d,4.7664127
seg_b691c5,2.9588776
seg_ee7224,2.5270398
seg_f93ce5,3.1797352
seg_3a8a76,3.0689754
seg_9a92db,5.9857464
seg_7211f1,8.842434
seg_79dc90,8.723721
seg_4a9e8d,9.419548
seg_495573,10.71545
seg_74dda9,8.482598
seg_193404,10.857637
seg_3d581c,2.2886512
seg_8d030a,5.0035777
seg_8ebdea,10.499879
seg_0ebfd9,7.8249702
seg_1ece48,2.2983725
seg_c5064e,9.906114
seg_7428e7,7.9191785
seg_692e7a,9.849617
seg_cb806c,5.798881
seg_570d69,10.8559265
seg_512b3e,9.928236
seg_b917b5,7.773281
seg_932828,10.511175
seg_b69455,10.40757
seg_d693b0,10.332495
seg_185ad6,9.046026
seg_75eb90,9.035929
seg_ab644e,6.360316
seg_913ffc,6.0855227
seg_92b095,1.8035475
seg_edda79,7.450044
seg_70edf5,8.418725
seg_b86ce1,4.9408703
seg_5d333e,10.302769
seg_b0cf32,11.065997
seg_be19e2,8.587516
seg_bca500,6.9823914
seg_0b9ad8,9.812162
seg_ea05c1,9.428495
seg_47a48f,10.624393
seg_d36055,10.192447
seg_15bf25,8.843055
seg_9b0439,7.2783847
seg_7d65c7,9.864021
seg_78ded2,2.559738
seg_e5c033,8.201935
seg_10a595,6.7680626
seg_bd7109,5.9939213
seg_ea8270,10.838663
seg_038879,9.386954
seg_162fc4,8.454794
seg_1bf7b3,3.7730768
seg_d1ca05,10.809259
seg_8db6f0,8.301922
seg_ef779d,6.015309
seg_ce5520,3.1472857
seg_58d52d,10.34366
seg_3d059a,3.623121
seg_dc23c0,10.077664
seg_e256bd,2.6489506
seg_ebec3e,3.4768028
seg_70fb30,11.388796
seg_735cdd,3.635037
seg_a1edc1,3.8196788
seg_8d5113,6.6893325
seg_9bee43,1.9875165
seg_0e9987,4.0821276
seg_efbf3e,7.250788
seg_b4402d,10.82279
seg_915b3e,4.5070076
seg_46012e,9.935979
seg_ee87e2,2.9491243
seg_0e1fbe,4.37285
seg_284223,7.355351
seg_476700,4.568077
seg_970e86,10.592547
seg_734a88,10.435112
seg_758374,1.7723953
seg_0e3d44,3.5848162
seg_db90c0,4.138834
seg_5e541f,2.179356
seg_5975f4,3.8323798
seg_d3bb14,1.8325506
seg_2642d4,6.247103
seg_b80b89,4.9412065
seg_3234ca,3.499812
seg_790108,8.449368
seg_e051bc,5.289029
seg_a3d4d6,3.8204315
seg_025e78,5.262672
seg_ebe36c,5.7483945
seg_588f61,3.260445
seg_f0cedb,9.383705
seg_502fab,10.307872
seg_fb11ba,7.7643933
seg_15adff,3.0030634
seg_fa34c7,9.498949
seg_c6c29f,3.3299973
seg_f7d792,2.115718
seg_d16534,8.903741
seg_acf2f4,9.664087
seg_9ab405,1.7271854
seg_81a8ea,10.579242
seg_e86e44,4.092211
seg_561cf4,1.7363858
seg_6a26de,2.3360891
seg_5bfbf0,4.779453
seg_e217fc,6.507284
seg_4cb9c6,2.6856053
seg_98c44d,3.2949047
seg_c9201c,1.8168204
seg_5c9077,8.929876
seg_1201e8,3.538913
seg_b9ec4b,3.8550155
seg_34ef79,6.148985
seg_eaa0ec,7.8810143
seg_61219c,5.216208
seg_310230,4.87318
seg_486973,5.3958926
seg_9c6715,2.6973522
seg_911066,3.9962656
seg_abb03a,5.794932
seg_fb9491,6.305413
seg_9f22a0,9.308635
seg_5d94b2,4.6811924
seg_462c1d,8.434784
seg_2bf9dd,9.225767
seg_b0f9cd,8.728608
seg_447b8b,10.536034
seg_5e0902,3.0501053
seg_30661b,3.7429678
seg_e8bcde,3.2608602
seg_325790,4.1070232
seg_0042cc,8.296326
seg_54d0f3,3.1859925
seg_6b4e04,10.862641
seg_c5abaa,7.4713287
seg_31d763,7.1529245
seg_f70b66,7.070773
seg_fe70c0,8.441447
seg_41be7d,7.4236884
seg_490092,9.553214
seg_25ab3f,6.1501365
seg_9d1b26,4.814488
seg_5abfdd,4.4329834
seg_468fdb,5.4280486
seg_f7290f,3.8378909
seg_7cdfe5,2.8866212
seg_864fcf,2.5610704
seg_ad82ca,7.058492
seg_a6e99c,1.5466193
seg_55a9a4,8.309485
seg_e9df42,9.820217
seg_a99be9,11.190197
seg_0be6ee,3.879247
seg_14c8ce,8.5002
seg_b4f7a8,6.854173
seg_7f3ab0,5.435111
seg_aec276,10.879997
seg_dc6e94,4.0842905
seg_8f25b0,11.02661
seg_37f3fb,2.8486574
seg_c5dada,5.168764
seg_28fc32,7.906995
seg_9c635d,10.441963
seg_41be18,9.534507
